<?xml version="1.0" encoding="UTF-8"?>
<GenRun Id="impl_1" LaunchPart="xc7z020clg400-1" LaunchTime="1624122755">
  <File Type="PA-TCL" Name="matlab_buildroot_top.tcl"/>
  <File Type="ROUTE-BUS-SKEW-PB" Name="matlab_buildroot_top_bus_skew_routed.pb"/>
  <File Type="REPORTS-TCL" Name="matlab_buildroot_top_reports.tcl"/>
  <File Type="ROUTE-BUS-SKEW-RPX" Name="matlab_buildroot_top_bus_skew_routed.rpx"/>
  <File Type="OPT-DCP" Name="matlab_buildroot_top_opt.dcp"/>
  <File Type="OPT-DRC" Name="matlab_buildroot_top_drc_opted.rpt"/>
  <File Type="OPT-HWDEF" Name="matlab_buildroot_top.hwdef"/>
  <File Type="PWROPT-DCP" Name="matlab_buildroot_top_pwropt.dcp"/>
  <File Type="PLACE-DCP" Name="matlab_buildroot_top_placed.dcp"/>
  <File Type="PLACE-IO" Name="matlab_buildroot_top_io_placed.rpt"/>
  <File Type="PLACE-UTIL" Name="matlab_buildroot_top_utilization_placed.rpt"/>
  <File Type="PLACE-UTIL-PB" Name="matlab_buildroot_top_utilization_placed.pb"/>
  <File Type="PLACE-CTRL" Name="matlab_buildroot_top_control_sets_placed.rpt"/>
  <File Type="PLACE-PRE-SIMILARITY" Name="matlab_buildroot_top_incremental_reuse_pre_placed.rpt"/>
  <File Type="POSTPLACE-PWROPT-DCP" Name="matlab_buildroot_top_postplace_pwropt.dcp"/>
  <File Type="PHYSOPT-DCP" Name="matlab_buildroot_top_physopt.dcp"/>
  <File Type="ROUTE-ERROR-DCP" Name="matlab_buildroot_top_routed_error.dcp"/>
  <File Type="ROUTE-DCP" Name="matlab_buildroot_top_routed.dcp"/>
  <File Type="ROUTE-BLACKBOX-DCP" Name="matlab_buildroot_top_routed_bb.dcp"/>
  <File Type="ROUTE-DRC" Name="matlab_buildroot_top_drc_routed.rpt"/>
  <File Type="ROUTE-DRC-PB" Name="matlab_buildroot_top_drc_routed.pb"/>
  <File Type="BG-BIT" Name="matlab_buildroot_top.bit"/>
  <File Type="ROUTE-STATUS-PB" Name="matlab_buildroot_top_route_status.pb"/>
  <File Type="ROUTE-METHODOLOGY-DRC" Name="matlab_buildroot_top_methodology_drc_routed.rpt"/>
  <File Type="BG-BIN" Name="matlab_buildroot_top.bin"/>
  <File Type="ROUTE-TIMINGSUMMARY" Name="matlab_buildroot_top_timing_summary_routed.rpt"/>
  <File Type="BITSTR-MSK" Name="matlab_buildroot_top.msk"/>
  <File Type="ROUTE-TIMING-PB" Name="matlab_buildroot_top_timing_summary_routed.pb"/>
  <File Type="BITSTR-RBT" Name="matlab_buildroot_top.rbt"/>
  <File Type="ROUTE-TIMING-RPX" Name="matlab_buildroot_top_timing_summary_routed.rpx"/>
  <File Type="BITSTR-NKY" Name="matlab_buildroot_top.nky"/>
  <File Type="BITSTR-BMM" Name="matlab_buildroot_top_bd.bmm"/>
  <File Type="ROUTE-CLK" Name="matlab_buildroot_top_clock_utilization_routed.rpt"/>
  <File Type="BG-DRC" Name="matlab_buildroot_top.drc"/>
  <File Type="ROUTE-METHODOLOGY-DRC-RPX" Name="matlab_buildroot_top_methodology_drc_routed.rpx"/>
  <File Type="BITSTR-MMI" Name="matlab_buildroot_top.mmi"/>
  <File Type="ROUTE-BUS-SKEW" Name="matlab_buildroot_top_bus_skew_routed.rpt"/>
  <File Type="WBT-USG" Name="usage_statistics_webtalk.html"/>
  <File Type="BG-BGN" Name="matlab_buildroot_top.bgn"/>
  <File Type="BITSTR-SYSDEF" Name="matlab_buildroot_top.sysdef"/>
  <File Type="BITSTR-LTX" Name="matlab_buildroot_top.ltx"/>
  <File Type="RDI-RDI" Name="matlab_buildroot_top.vdi"/>
  <File Type="POSTROUTE-PHYSOPT-BLACKBOX-DCP" Name="matlab_buildroot_top_postroute_physopt_bb.dcp"/>
  <File Type="POSTROUTE-PHYSOPT-DCP" Name="matlab_buildroot_top_postroute_physopt.dcp"/>
  <File Type="ROUTE-STATUS" Name="matlab_buildroot_top_route_status.rpt"/>
  <File Type="ROUTE-PWR-RPX" Name="matlab_buildroot_top_power_routed.rpx"/>
  <File Type="ROUTE-PWR-SUM" Name="matlab_buildroot_top_power_summary_routed.pb"/>
  <File Type="ROUTE-PWR" Name="matlab_buildroot_top_power_routed.rpt"/>
  <File Type="ROUTE-METHODOLOGY-DRC-PB" Name="matlab_buildroot_top_methodology_drc_routed.pb"/>
  <File Type="ROUTE-DRC-RPX" Name="matlab_buildroot_top_drc_routed.rpx"/>
  <FileSet Name="sources" Type="DesignSrcs" RelSrcDir="$PSRCDIR/sources_1">
    <Filter Type="Srcs"/>
    <File Path="$PSRCDIR/sources_1/bd/matlab_buildroot/matlab_buildroot.bd">
      <FileInfo>
        <Attr Name="ImportPath" Val="$PPRDIR/../../../../../SoC_Z7_MBD_Platform/project_1/project_1.srcs/sources_1/bd/matlab_buildroot/matlab_buildroot.bd"/>
        <Attr Name="ImportTime" Val="1620850098"/>
        <Attr Name="UsedIn" Val="synthesis"/>
        <Attr Name="UsedIn" Val="implementation"/>
        <Attr Name="UsedIn" Val="simulation"/>
      </FileInfo>
    </File>
    <File Path="$PSRCDIR/sources_1/bd/matlab_buildroot/hdl/matlab_buildroot_wrapper.vhd">
      <FileInfo>
        <Attr Name="ImportPath" Val="$PPRDIR/../../../../../SoC_Z7_MBD_Platform/Zybo-Z20-Vivado/Zybo-Z20-Vivado.srcs/sources_1/bd/matlab_buildroot/hdl/matlab_buildroot_wrapper.vhd"/>
        <Attr Name="ImportTime" Val="1620898498"/>
        <Attr Name="UsedIn" Val="synthesis"/>
        <Attr Name="UsedIn" Val="simulation"/>
      </FileInfo>
    </File>
    <File Path="$PSRCDIR/sources_1/new/matlab_buildroot_top.vhd">
      <FileInfo>
        <Attr Name="ImportPath" Val="$PPRDIR/../../../../Repositories/SoC_Z7_MBD_Platform/Zybo-Z20-Vivado/Zybo-Z20-Vivado.srcs/sources_1/new/matlab_buildroot_top.vhd"/>
        <Attr Name="ImportTime" Val="1624122654"/>
        <Attr Name="UsedIn" Val="synthesis"/>
        <Attr Name="UsedIn" Val="simulation"/>
      </FileInfo>
    </File>
    <File Path="$PSRCDIR/sources_1/imports/Zybo-Z20-Vivado/archive_project_summary.txt">
      <FileInfo>
        <Attr Name="ImportPath" Val="$PPRDIR/../../../../Repositories/SoC_Z7_MBD_Platform/Zybo-Z20-Vivado/archive_project_summary.txt"/>
        <Attr Name="ImportTime" Val="1620904500"/>
      </FileInfo>
    </File>
    <Config>
      <Option Name="DesignMode" Val="RTL"/>
      <Option Name="TopModule" Val="matlab_buildroot_top"/>
      <Option Name="TopAutoSet" Val="TRUE"/>
    </Config>
  </FileSet>
  <FileSet Name="constrs_in" Type="Constrs" RelSrcDir="$PSRCDIR/constrs_1">
    <Filter Type="Constrs"/>
    <File Path="$PSRCDIR/constrs_1/imports/tijn/Zybo-Z7-Master.xdc">
      <FileInfo>
        <Attr Name="ImportPath" Val="$PPRDIR/../../../../../SoC_Z7_MBD_Platform/project_1/project_1.srcs/constrs_1/imports/tijn/Zybo-Z7-Master.xdc"/>
        <Attr Name="ImportTime" Val="1619356828"/>
        <Attr Name="UsedIn" Val="synthesis"/>
        <Attr Name="UsedIn" Val="implementation"/>
      </FileInfo>
    </File>
    <Config>
      <Option Name="ConstrsType" Val="XDC"/>
    </Config>
  </FileSet>
  <Strategy Version="1" Minor="2">
    <StratHandle Name="Vivado Implementation Defaults" Flow="Vivado Implementation 2018"/>
    <Step Id="init_design"/>
    <Step Id="opt_design"/>
    <Step Id="power_opt_design"/>
    <Step Id="place_design"/>
    <Step Id="post_place_power_opt_design"/>
    <Step Id="phys_opt_design"/>
    <Step Id="route_design"/>
    <Step Id="post_route_phys_opt_design"/>
    <Step Id="write_bitstream"/>
  </Strategy>
  <BlockFileSet Type="BlockSrcs" Name="matlab_buildroot_axi_uartlite_0_0"/>
  <BlockFileSet Type="BlockSrcs" Name="matlab_buildroot_processing_system7_0_0"/>
  <BlockFileSet Type="BlockSrcs" Name="matlab_buildroot_axi_uartlite_0_1"/>
  <BlockFileSet Type="BlockSrcs" Name="matlab_buildroot_axi_gpio_0_0"/>
  <BlockFileSet Type="BlockSrcs" Name="matlab_buildroot_axi_uart16550_0_0"/>
  <BlockFileSet Type="BlockSrcs" Name="matlab_buildroot_axi_gpio_0_1"/>
  <BlockFileSet Type="BlockSrcs" Name="matlab_buildroot_clk_wiz_0_0"/>
  <BlockFileSet Type="BlockSrcs" Name="matlab_buildroot_xlconcat_0_0"/>
  <BlockFileSet Type="BlockSrcs" Name="matlab_buildroot_xbar_0"/>
</GenRun>
