<?xml version="1.0" encoding="UTF-8"?>
<GenRun Id="impl_1" LaunchPart="xc7z020clg400-1" LaunchTime="1620898525">
  <File Type="PA-TCL" Name="matlab_buildroot_wrapper.tcl"/>
  <File Type="ROUTE-BUS-SKEW-PB" Name="matlab_buildroot_wrapper_bus_skew_routed.pb"/>
  <File Type="REPORTS-TCL" Name="matlab_buildroot_wrapper_reports.tcl"/>
  <File Type="ROUTE-BUS-SKEW-RPX" Name="matlab_buildroot_wrapper_bus_skew_routed.rpx"/>
  <File Type="OPT-DCP" Name="matlab_buildroot_wrapper_opt.dcp"/>
  <File Type="OPT-DRC" Name="matlab_buildroot_wrapper_drc_opted.rpt"/>
  <File Type="OPT-HWDEF" Name="matlab_buildroot_wrapper.hwdef"/>
  <File Type="PWROPT-DCP" Name="matlab_buildroot_wrapper_pwropt.dcp"/>
  <File Type="PLACE-DCP" Name="matlab_buildroot_wrapper_placed.dcp"/>
  <File Type="PLACE-IO" Name="matlab_buildroot_wrapper_io_placed.rpt"/>
  <File Type="PLACE-UTIL" Name="matlab_buildroot_wrapper_utilization_placed.rpt"/>
  <File Type="PLACE-UTIL-PB" Name="matlab_buildroot_wrapper_utilization_placed.pb"/>
  <File Type="PLACE-CTRL" Name="matlab_buildroot_wrapper_control_sets_placed.rpt"/>
  <File Type="PLACE-PRE-SIMILARITY" Name="matlab_buildroot_wrapper_incremental_reuse_pre_placed.rpt"/>
  <File Type="POSTPLACE-PWROPT-DCP" Name="matlab_buildroot_wrapper_postplace_pwropt.dcp"/>
  <File Type="PHYSOPT-DCP" Name="matlab_buildroot_wrapper_physopt.dcp"/>
  <File Type="ROUTE-ERROR-DCP" Name="matlab_buildroot_wrapper_routed_error.dcp"/>
  <File Type="ROUTE-DCP" Name="matlab_buildroot_wrapper_routed.dcp"/>
  <File Type="ROUTE-BLACKBOX-DCP" Name="matlab_buildroot_wrapper_routed_bb.dcp"/>
  <File Type="ROUTE-DRC" Name="matlab_buildroot_wrapper_drc_routed.rpt"/>
  <File Type="ROUTE-DRC-PB" Name="matlab_buildroot_wrapper_drc_routed.pb"/>
  <File Type="BG-BIT" Name="matlab_buildroot_wrapper.bit"/>
  <File Type="ROUTE-STATUS-PB" Name="matlab_buildroot_wrapper_route_status.pb"/>
  <File Type="ROUTE-METHODOLOGY-DRC" Name="matlab_buildroot_wrapper_methodology_drc_routed.rpt"/>
  <File Type="BG-BIN" Name="matlab_buildroot_wrapper.bin"/>
  <File Type="ROUTE-TIMINGSUMMARY" Name="matlab_buildroot_wrapper_timing_summary_routed.rpt"/>
  <File Type="BITSTR-MSK" Name="matlab_buildroot_wrapper.msk"/>
  <File Type="ROUTE-TIMING-PB" Name="matlab_buildroot_wrapper_timing_summary_routed.pb"/>
  <File Type="BITSTR-RBT" Name="matlab_buildroot_wrapper.rbt"/>
  <File Type="ROUTE-TIMING-RPX" Name="matlab_buildroot_wrapper_timing_summary_routed.rpx"/>
  <File Type="BITSTR-NKY" Name="matlab_buildroot_wrapper.nky"/>
  <File Type="BITSTR-BMM" Name="matlab_buildroot_wrapper_bd.bmm"/>
  <File Type="ROUTE-CLK" Name="matlab_buildroot_wrapper_clock_utilization_routed.rpt"/>
  <File Type="BG-DRC" Name="matlab_buildroot_wrapper.drc"/>
  <File Type="ROUTE-METHODOLOGY-DRC-RPX" Name="matlab_buildroot_wrapper_methodology_drc_routed.rpx"/>
  <File Type="BITSTR-MMI" Name="matlab_buildroot_wrapper.mmi"/>
  <File Type="ROUTE-BUS-SKEW" Name="matlab_buildroot_wrapper_bus_skew_routed.rpt"/>
  <File Type="WBT-USG" Name="usage_statistics_webtalk.html"/>
  <File Type="BG-BGN" Name="matlab_buildroot_wrapper.bgn"/>
  <File Type="BITSTR-SYSDEF" Name="matlab_buildroot_wrapper.sysdef"/>
  <File Type="BITSTR-LTX" Name="matlab_buildroot_wrapper.ltx"/>
  <File Type="RDI-RDI" Name="matlab_buildroot_wrapper.vdi"/>
  <File Type="POSTROUTE-PHYSOPT-BLACKBOX-DCP" Name="matlab_buildroot_wrapper_postroute_physopt_bb.dcp"/>
  <File Type="POSTROUTE-PHYSOPT-DCP" Name="matlab_buildroot_wrapper_postroute_physopt.dcp"/>
  <File Type="ROUTE-STATUS" Name="matlab_buildroot_wrapper_route_status.rpt"/>
  <File Type="ROUTE-PWR-RPX" Name="matlab_buildroot_wrapper_power_routed.rpx"/>
  <File Type="ROUTE-PWR-SUM" Name="matlab_buildroot_wrapper_power_summary_routed.pb"/>
  <File Type="ROUTE-PWR" Name="matlab_buildroot_wrapper_power_routed.rpt"/>
  <File Type="ROUTE-METHODOLOGY-DRC-PB" Name="matlab_buildroot_wrapper_methodology_drc_routed.pb"/>
  <File Type="ROUTE-DRC-RPX" Name="matlab_buildroot_wrapper_drc_routed.rpx"/>
  <FileSet Name="sources" Type="DesignSrcs" RelSrcDir="$PSRCDIR/sources_1">
    <Filter Type="Srcs"/>
    <File Path="$PSRCDIR/sources_1/bd/matlab_buildroot/matlab_buildroot.bd">
      <FileInfo>
        <Attr Name="ImportPath" Val="$PPRDIR/../../../../SoC_Z7_MBD_Platform/project_1/project_1.srcs/sources_1/bd/matlab_buildroot/matlab_buildroot.bd"/>
        <Attr Name="ImportTime" Val="1620850098"/>
        <Attr Name="UsedIn" Val="synthesis"/>
        <Attr Name="UsedIn" Val="implementation"/>
        <Attr Name="UsedIn" Val="simulation"/>
      </FileInfo>
    </File>
    <File Path="$PSRCDIR/sources_1/bd/matlab_buildroot/hdl/matlab_buildroot_wrapper.vhd">
      <FileInfo>
        <Attr Name="ImportPath" Val="$PPRDIR/../../../../SoC_Z7_MBD_Platform/Zybo-Z20-Vivado/Zybo-Z20-Vivado.srcs/sources_1/bd/matlab_buildroot/hdl/matlab_buildroot_wrapper.vhd"/>
        <Attr Name="ImportTime" Val="1620898498"/>
        <Attr Name="UsedIn" Val="synthesis"/>
        <Attr Name="UsedIn" Val="simulation"/>
      </FileInfo>
    </File>
    <Config>
      <Option Name="DesignMode" Val="RTL"/>
      <Option Name="TopModule" Val="matlab_buildroot_wrapper"/>
      <Option Name="TopAutoSet" Val="TRUE"/>
    </Config>
  </FileSet>
  <FileSet Name="constrs_in" Type="Constrs" RelSrcDir="$PSRCDIR/constrs_1">
    <Filter Type="Constrs"/>
    <File Path="$PSRCDIR/constrs_1/imports/tijn/Zybo-Z7-Master.xdc">
      <FileInfo>
        <Attr Name="ImportPath" Val="$PPRDIR/../../../../SoC_Z7_MBD_Platform/project_1/project_1.srcs/constrs_1/imports/tijn/Zybo-Z7-Master.xdc"/>
        <Attr Name="ImportTime" Val="1619356828"/>
        <Attr Name="UsedIn" Val="synthesis"/>
        <Attr Name="UsedIn" Val="implementation"/>
      </FileInfo>
    </File>
    <Config>
      <Option Name="ConstrsType" Val="XDC"/>
    </Config>
  </FileSet>
  <Strategy Version="1" Minor="2">
    <StratHandle Name="Vivado Implementation Defaults" Flow="Vivado Implementation 2018"/>
    <Step Id="init_design"/>
    <Step Id="opt_design"/>
    <Step Id="power_opt_design"/>
    <Step Id="place_design"/>
    <Step Id="post_place_power_opt_design"/>
    <Step Id="phys_opt_design"/>
    <Step Id="route_design"/>
    <Step Id="post_route_phys_opt_design"/>
    <Step Id="write_bitstream"/>
  </Strategy>
  <BlockFileSet Type="BlockSrcs" Name="matlab_buildroot_proc_sys_reset_0_0"/>
  <BlockFileSet Type="BlockSrcs" Name="matlab_buildroot_clk_wiz_0_0"/>
  <BlockFileSet Type="BlockSrcs" Name="matlab_buildroot_auto_pc_0"/>
  <BlockFileSet Type="BlockSrcs" Name="matlab_buildroot_xadc_wiz_0_0"/>
  <BlockFileSet Type="BlockSrcs" Name="matlab_buildroot_processing_system7_0_0"/>
</GenRun>
