<?xml version="1.0" encoding="UTF-8"?>
<GenRun Id="synth_1" LaunchPart="xc7z020clg400-1" LaunchTime="1620898523">
  <File Type="PA-TCL" Name="matlab_buildroot_wrapper.tcl"/>
  <File Type="REPORTS-TCL" Name="matlab_buildroot_wrapper_reports.tcl"/>
  <File Type="RDS-RDS" Name="matlab_buildroot_wrapper.vds"/>
  <File Type="RDS-DCP" Name="matlab_buildroot_wrapper.dcp"/>
  <File Type="RDS-UTIL-PB" Name="matlab_buildroot_wrapper_utilization_synth.pb"/>
  <File Type="RDS-UTIL" Name="matlab_buildroot_wrapper_utilization_synth.rpt"/>
  <FileSet Name="sources" Type="DesignSrcs" RelSrcDir="$PSRCDIR/sources_1">
    <Filter Type="Srcs"/>
    <File Path="$PSRCDIR/sources_1/bd/matlab_buildroot/matlab_buildroot.bd">
      <FileInfo>
        <Attr Name="ImportPath" Val="$PPRDIR/../../../../SoC_Z7_MBD_Platform/project_1/project_1.srcs/sources_1/bd/matlab_buildroot/matlab_buildroot.bd"/>
        <Attr Name="ImportTime" Val="1620850098"/>
        <Attr Name="UsedIn" Val="synthesis"/>
        <Attr Name="UsedIn" Val="implementation"/>
        <Attr Name="UsedIn" Val="simulation"/>
      </FileInfo>
    </File>
    <File Path="$PSRCDIR/sources_1/bd/matlab_buildroot/hdl/matlab_buildroot_wrapper.vhd">
      <FileInfo>
        <Attr Name="ImportPath" Val="$PPRDIR/../../../../SoC_Z7_MBD_Platform/Zybo-Z20-Vivado/Zybo-Z20-Vivado.srcs/sources_1/bd/matlab_buildroot/hdl/matlab_buildroot_wrapper.vhd"/>
        <Attr Name="ImportTime" Val="1620898498"/>
        <Attr Name="UsedIn" Val="synthesis"/>
        <Attr Name="UsedIn" Val="simulation"/>
      </FileInfo>
    </File>
    <Config>
      <Option Name="DesignMode" Val="RTL"/>
      <Option Name="TopModule" Val="matlab_buildroot_wrapper"/>
      <Option Name="TopAutoSet" Val="TRUE"/>
    </Config>
  </FileSet>
  <FileSet Name="constrs_in" Type="Constrs" RelSrcDir="$PSRCDIR/constrs_1">
    <Filter Type="Constrs"/>
    <File Path="$PSRCDIR/constrs_1/imports/tijn/Zybo-Z7-Master.xdc">
      <FileInfo>
        <Attr Name="ImportPath" Val="$PPRDIR/../../../../SoC_Z7_MBD_Platform/project_1/project_1.srcs/constrs_1/imports/tijn/Zybo-Z7-Master.xdc"/>
        <Attr Name="ImportTime" Val="1619356828"/>
        <Attr Name="UsedIn" Val="synthesis"/>
        <Attr Name="UsedIn" Val="implementation"/>
      </FileInfo>
    </File>
    <Config>
      <Option Name="ConstrsType" Val="XDC"/>
    </Config>
  </FileSet>
  <Strategy Version="1" Minor="2">
    <StratHandle Name="Vivado Synthesis Defaults" Flow="Vivado Synthesis 2018"/>
    <Step Id="synth_design"/>
  </Strategy>
  <BlockFileSet Type="BlockSrcs" Name="matlab_buildroot_proc_sys_reset_0_0"/>
  <BlockFileSet Type="BlockSrcs" Name="matlab_buildroot_clk_wiz_0_0"/>
  <BlockFileSet Type="BlockSrcs" Name="matlab_buildroot_auto_pc_0"/>
  <BlockFileSet Type="BlockSrcs" Name="matlab_buildroot_xadc_wiz_0_0"/>
  <BlockFileSet Type="BlockSrcs" Name="matlab_buildroot_processing_system7_0_0"/>
</GenRun>
