<?xml version="1.0" encoding="UTF-8"?>
<GenRun Id="matlab_buildroot_axi_gpio_0_1_synth_1" LaunchPart="xc7z020clg400-1" LaunchTime="1624122754">
  <File Type="RDS-UTIL-PB" Name="matlab_buildroot_axi_gpio_0_1_utilization_synth.pb"/>
  <File Type="RDS-UTIL" Name="matlab_buildroot_axi_gpio_0_1_utilization_synth.rpt"/>
  <File Type="RDS-RDS" Name="matlab_buildroot_axi_gpio_0_1.vds"/>
  <File Type="RDS-DCP" Name="matlab_buildroot_axi_gpio_0_1.dcp"/>
  <File Type="PA-TCL" Name="matlab_buildroot_axi_gpio_0_1.tcl"/>
  <File Type="REPORTS-TCL" Name="matlab_buildroot_axi_gpio_0_1_reports.tcl"/>
  <FileSet Name="sources" Type="BlockSrcs" RelSrcDir="$PSRCDIR/matlab_buildroot_axi_gpio_0_1">
    <File Path="$PSRCDIR/sources_1/bd/matlab_buildroot/ip/matlab_buildroot_axi_gpio_0_1/matlab_buildroot_axi_gpio_0_1.xci">
      <FileInfo>
        <Attr Name="ImportPath" Val="$PPRDIR/../../../../../SoC_Z7_MBD_Platform/project_1/project_1.srcs/sources_1/bd/matlab_buildroot/ip/matlab_buildroot_axi_gpio_0_1/matlab_buildroot_axi_gpio_0_1.xci"/>
        <Attr Name="ImportTime" Val="0"/>
        <Attr Name="UsedIn" Val="synthesis"/>
        <Attr Name="UsedIn" Val="implementation"/>
        <Attr Name="UsedIn" Val="simulation"/>
      </FileInfo>
    </File>
    <Config>
      <Option Name="TopModule" Val="matlab_buildroot_axi_gpio_0_1"/>
      <Option Name="UseBlackboxStub" Val="1"/>
    </Config>
  </FileSet>
  <FileSet Name="constrs_in" Type="BlockSrcs" RelSrcDir="$PSRCDIR/matlab_buildroot_axi_gpio_0_1">
    <File Path="$PSRCDIR/sources_1/bd/matlab_buildroot/ip/matlab_buildroot_axi_gpio_0_1/matlab_buildroot_axi_gpio_0_1.xci">
      <FileInfo>
        <Attr Name="ImportPath" Val="$PPRDIR/../../../../../SoC_Z7_MBD_Platform/project_1/project_1.srcs/sources_1/bd/matlab_buildroot/ip/matlab_buildroot_axi_gpio_0_1/matlab_buildroot_axi_gpio_0_1.xci"/>
        <Attr Name="ImportTime" Val="0"/>
        <Attr Name="UsedIn" Val="synthesis"/>
        <Attr Name="UsedIn" Val="implementation"/>
        <Attr Name="UsedIn" Val="simulation"/>
      </FileInfo>
    </File>
    <Config>
      <Option Name="TopModule" Val="matlab_buildroot_axi_gpio_0_1"/>
      <Option Name="UseBlackboxStub" Val="1"/>
    </Config>
  </FileSet>
  <Strategy Version="1" Minor="2">
    <StratHandle Name="Vivado Synthesis Defaults" Flow="Vivado Synthesis 2018"/>
    <Step Id="synth_design"/>
  </Strategy>
</GenRun>
