<?xml version="1.0" encoding="UTF-8"?>
<GenRun Id="matlab_buildroot_proc_sys_reset_0_0_synth_1" LaunchPart="xc7z020clg400-1" LaunchTime="1620898522">
  <File Type="PA-TCL" Name="matlab_buildroot_proc_sys_reset_0_0.tcl"/>
  <File Type="REPORTS-TCL" Name="matlab_buildroot_proc_sys_reset_0_0_reports.tcl"/>
  <File Type="RDS-RDS" Name="matlab_buildroot_proc_sys_reset_0_0.vds"/>
  <File Type="RDS-DCP" Name="matlab_buildroot_proc_sys_reset_0_0.dcp"/>
  <File Type="RDS-UTIL-PB" Name="matlab_buildroot_proc_sys_reset_0_0_utilization_synth.pb"/>
  <File Type="RDS-UTIL" Name="matlab_buildroot_proc_sys_reset_0_0_utilization_synth.rpt"/>
  <FileSet Name="sources" Type="BlockSrcs" RelSrcDir="$PSRCDIR/matlab_buildroot_proc_sys_reset_0_0">
    <File Path="$PSRCDIR/sources_1/bd/matlab_buildroot/ip/matlab_buildroot_proc_sys_reset_0_0/matlab_buildroot_proc_sys_reset_0_0.xci">
      <FileInfo>
        <Attr Name="Library" Val="xil_defaultlib"/>
        <Attr Name="ImportPath" Val="$PPRDIR/../../../../SoC_Z7_MBD_Platform/project_1/project_1.srcs/sources_1/bd/matlab_buildroot/ip/matlab_buildroot_proc_sys_reset_0_0/matlab_buildroot_proc_sys_reset_0_0.xci"/>
        <Attr Name="ImportTime" Val="1620850098"/>
        <Attr Name="UsedIn" Val="synthesis"/>
        <Attr Name="UsedIn" Val="implementation"/>
        <Attr Name="UsedIn" Val="simulation"/>
        <Attr Name="ProcessingOrder" Val="EARLY"/>
      </FileInfo>
    </File>
    <Config>
      <Option Name="TopModule" Val="matlab_buildroot_proc_sys_reset_0_0"/>
      <Option Name="UseBlackboxStub" Val="1"/>
    </Config>
  </FileSet>
  <FileSet Name="constrs_in" Type="BlockSrcs" RelSrcDir="$PSRCDIR/matlab_buildroot_proc_sys_reset_0_0">
    <File Path="$PSRCDIR/sources_1/bd/matlab_buildroot/ip/matlab_buildroot_proc_sys_reset_0_0/matlab_buildroot_proc_sys_reset_0_0.xci">
      <FileInfo>
        <Attr Name="Library" Val="xil_defaultlib"/>
        <Attr Name="ImportPath" Val="$PPRDIR/../../../../SoC_Z7_MBD_Platform/project_1/project_1.srcs/sources_1/bd/matlab_buildroot/ip/matlab_buildroot_proc_sys_reset_0_0/matlab_buildroot_proc_sys_reset_0_0.xci"/>
        <Attr Name="ImportTime" Val="1620850098"/>
        <Attr Name="UsedIn" Val="synthesis"/>
        <Attr Name="UsedIn" Val="implementation"/>
        <Attr Name="UsedIn" Val="simulation"/>
        <Attr Name="ProcessingOrder" Val="EARLY"/>
      </FileInfo>
    </File>
    <Config>
      <Option Name="TopModule" Val="matlab_buildroot_proc_sys_reset_0_0"/>
      <Option Name="UseBlackboxStub" Val="1"/>
    </Config>
  </FileSet>
  <Strategy Version="1" Minor="2">
    <StratHandle Name="Vivado Synthesis Defaults" Flow="Vivado Synthesis 2018"/>
    <Step Id="synth_design"/>
  </Strategy>
</GenRun>
